{"result":{"raw":"To improve search engine rankings, drive organic traffic, and generate high-quality leads for Office Space Ciril's website, the following steps should be implemented:\n\n1. **Keyword Strategy**:\n   - Incorporate high-value keywords for logistics and warehouse broking services, industrial broking services, corporate broking services, retail broking services, and land and investment broking services into the website content.\n\n2. **Content Optimization**:\n   - Create high-quality, relevant content around the identified keywords.\n   - Optimize on-page elements like titles, headers, and meta descriptions.\n\n3. **Technical SEO Improvements**:\n   - Enhance site speed, crawlability, and mobile usability.\n   - Implement structured data to improve search engine understanding.\n\n4. **Link-Building Strategy**:\n   - Develop and execute a strategy to acquire high-quality backlinks from reputable sources.\n\n5. **Local SEO**:\n   - Optimize Google My Business listing and ensure NAP consistency.\n   - Use local keywords and encourage customer reviews.\n\n6. **Regular Monitoring and Reporting**:\n   - Use Google Analytics and Google Search Console to monitor performance.\n   - Generate monthly reports and adjust the strategy based on insights.\n\nBy implementing these strategies, Office Space Ciril can expect to see improved search engine rankings, increased organic traffic, and higher conversion rates, ultimately leading to enhanced overall user experience and business growth.","pydantic":null,"json_dict":null,"tasks_output":[{"description":"Increase online visibility and generate high-quality leads, developing a comprehensive keyword strategy, optimizing on-page elements like content and metadata, and conducting a technical SEO audit to improve site speed and usability for Office Space Ciril's website: https://officespaceciril.in/ for the services such as logistics and warehouse broking services, industrial broking services, corporate broking services, retail broking services, land and investment broking services in commercial real estate company.Conduct an initial analysis of the current state of Office Space Ciril's website using Google Analytics and Google Search Console to evaluate traffic levels, bounce rates, and keyword rankings. Identify the target audience for logistics and warehouse broking, industrial broking, corporate broking, retail broking, and land and investment broking.","name":null,"expected_output":"List of keywords to improve search engine rankings and organic traffic and high conversion rates, well-researched keyword strategy, optimized website content and technical improvements that enhance site performance and user experience, creating link-building strategy, regularly monitor and analyze performance metrics and provide actionable insights through reports.","summary":"Increase online visibility and generate high-quality leads, developing a comprehensive...","raw":"To improve search engine rankings, drive organic traffic, and generate high-quality leads for Office Space Ciril's website, the following steps should be implemented:\n\n1. **Keyword Strategy**:\n   - Incorporate high-value keywords for logistics and warehouse broking services, industrial broking services, corporate broking services, retail broking services, and land and investment broking services into the website content.\n\n2. **Content Optimization**:\n   - Create high-quality, relevant content around the identified keywords.\n   - Optimize on-page elements like titles, headers, and meta descriptions.\n\n3. **Technical SEO Improvements**:\n   - Enhance site speed, crawlability, and mobile usability.\n   - Implement structured data to improve search engine understanding.\n\n4. **Link-Building Strategy**:\n   - Develop and execute a strategy to acquire high-quality backlinks from reputable sources.\n\n5. **Local SEO**:\n   - Optimize Google My Business listing and ensure NAP consistency.\n   - Use local keywords and encourage customer reviews.\n\n6. **Regular Monitoring and Reporting**:\n   - Use Google Analytics and Google Search Console to monitor performance.\n   - Generate monthly reports and adjust the strategy based on insights.\n\nBy implementing these strategies, Office Space Ciril can expect to see improved search engine rankings, increased organic traffic, and higher conversion rates, ultimately leading to enhanced overall user experience and business growth.","pydantic":null,"json_dict":null,"agent":"SEO Specialist","output_format":"raw"}],"token_usage":{"total_tokens":16850,"prompt_tokens":15103,"completion_tokens":1747,"successful_requests":8}}}