{"result":{"raw":"**\nImproved search engine rankings and organic traffic, high conversion rates, well-researched keyword strategy, optimized website content, technical improvements that enhance site performance and user experience, a link-building strategy, and regular monitoring and analysis of performance metrics with actionable insights through reports.","pydantic":null,"json_dict":null,"tasks_output":[{"description":"Increase online visibility and generate high-quality leads, developing a comprehensive keyword strategy, optimizing on-page elements like content and metadata, and conducting a technical SEO audit to improve site speed and usability for Office Space Ciril. For generating the content collaborate with Content Creator.Step 1: Define Objectives and Metrics\n- Clearly outline the objectives: Improve search engine rankings, increase organic traffic, and enhance user experience.\n- Establish key performance indicators (KPIs) such as organic traffic growth percentage, keyword ranking improvements, and conversion rates.\n\nStep 2: Conduct Initial Website Analysis\n- Use the Scrape website content tool to gather information about the current structure and content of the Office Space Ciril website.\n  - Input the website URL into the tool: https://officespaceciril.com.\n  - Analyze the scraped content for existing keywords, content gaps, and areas needing optimization.\n\nStep 3: Develop a Comprehensive Keyword Strategy\n- Utilize the Search internet tool to research relevant keywords and phrases associated with office space leasing and related services.\n  - Conduct searches for terms like “office space for lease,” “co-working spaces,” “commercial real estate,” etc.\n  - Compile a list of high-volume, low-competition keywords suitable for targeting.\n\nStep 4: Optimize On-Page Elements\n- Based on the keyword strategy, begin optimizing the following on-page elements:\n  - Content: Update existing content and create new pages based on identified keywords. Ensure the content is engaging, informative, and answers potential customer queries.\n  - Metadata: Optimize title tags, meta descriptions, and header tags using the targeted keywords. Ensure they are compelling and encourage click-throughs.\n  - Internal Links: Create a structured internal linking strategy to connect related pages, enhancing the site’s usability and SEO.\n\nStep 5: Conduct a Technical SEO Audit\n- Analyze the website’s technical aspects using insights gained from the scraped content.\n  - Check for site speed using tools like Google PageSpeed Insights. Identify elements slowing down the site and plan for improvements (e.g., optimizing images, reducing server response time).\n  - Assess mobile usability and ensure the site is responsive across devices.\n  - Verify crawlability by checking the robots.txt file and ensuring search engines can access key pages.\n\nStep 6: Create a Link-Building Strategy\n- Research potential websites for backlinks using the Search internet tool to identify relevant blogs, industry websites, and local business directories.\n- Develop a strategy for outreach to these sites for guest posts, collaborations, or mentions, enhancing the site's authority.\n\nStep 7: Collaborate with Content Creator\n- Schedule regular meetings with the Content Creator to discuss and align on content strategies.\n- Share the keyword list and the target audience insights to create high-quality, tailored content that attracts and converts leads.\n\nStep 8: Implement Changes and Monitor Performance\n- After implementing the on-page and technical changes, monitor the impact on KPIs.\n- Use tools like Google Analytics and Google Search Console to track organic traffic, keyword rankings, and user behavior.\n- Regularly analyze performance metrics and adjust strategies based on what is working and what isn’t.\n\nStep 9: Provide Actionable Insights Through Reports\n- Prepare comprehensive reports summarizing the performance of the SEO efforts.\n- Include data on traffic growth, keyword ranking changes, and conversion rates.\n- Use the insights from these reports to refine the SEO strategy continually, ensuring ongoing improvement and adaptation to market changes.\n\nExpected Outcome:\nBy following this detailed plan, the SEO Specialist will effectively increase online visibility for Office Space Ciril, generate high-quality leads, and improve search engine rankings. The comprehensive keyword strategy, optimized website content, technical improvements, and a robust link-building strategy will enhance site performance and user experience, ultimately leading to higher conversion rates and sustainable growth.","name":null,"expected_output":"Improve search engine rankings and organic traffic and high conversion rates, well-researched keyword strategy, optimized website content and technical improvements that enhance site performance and user experience,creating link-building strategy, regularly monitor and analyze performance metrics and provide actionable insights through reports.","summary":"Increase online visibility and generate high-quality leads, developing a comprehensive...","raw":"**\nImproved search engine rankings and organic traffic, high conversion rates, well-researched keyword strategy, optimized website content, technical improvements that enhance site performance and user experience, a link-building strategy, and regular monitoring and analysis of performance metrics with actionable insights through reports.","pydantic":null,"json_dict":null,"agent":"SEO Specialist","output_format":"raw"}],"token_usage":{"total_tokens":7684,"prompt_tokens":6564,"completion_tokens":1120,"successful_requests":4}}}