{"result":{"raw":"**Competitor Analysis and Strategy Optimization Report for Office Space Ciril**\n\n---\n\n**1. Competitor Profiles:**\n\n**DLF Ltd:**\n- **Offerings:** Commercial complexes, residential properties, retail spaces, and SEZs.\n- **Target Markets:** High-end residential and commercial sectors, retail spaces.\n- **Strengths:** Large-scale operations, extensive experience (75+ years), strong brand recognition, diversified portfolio, financial stability.\n- **Weaknesses:** Higher pricing in premium segments, less focus on mid-range properties.\n\n**Godrej Properties:**\n- **Offerings:** Residential, commercial, and township projects.\n- **Target Markets:** Urban and suburban regions, mixed-use developments.\n- **Strengths:** Strong brand reputation, innovative and sustainable building practices, strategic partnerships.\n- **Weaknesses:** Limited presence in Tier-2 and Tier-3 cities, higher operational costs.\n\n**Oberoi Realty:**\n- **Offerings:** Residential, office space, retail, hospitality.\n- **Target Markets:** Luxury residential and commercial properties.\n- **Strengths:** High-quality construction, premium brand, strategic locations.\n- **Weaknesses:** Limited diversification, high dependency on Mumbai market.\n\n**Housing Development and Infrastructure Ltd (HDIL):**\n- **Offerings:** Residential and commercial properties, SEZs, slum rehabilitation.\n- **Target Markets:** Affordable housing, urban redevelopment.\n- **Strengths:** Strong focus on affordable housing, significant land reserves.\n- **Weaknesses:** Financial instability, legal issues, and project delays.\n\n---\n\n**2. Service Gaps and Opportunities:**\n\n**Logistics and Warehouse Broking Services:**\n- **Competitor Focus:** Limited to large-scale warehousing and logistics parks.\n- **Opportunity:** Develop tailored solutions for SMEs, offer flexible leasing options, integrate smart warehousing technologies.\n\n**Industrial Broking Services:**\n- **Competitor Focus:** High-end industrial parks and large-scale facilities.\n- **Opportunity:** Focus on mid-sized industrial spaces, provide end-to-end solutions including compliance and regulatory support.\n\n**Corporate Broking Services:**\n- **Competitor Focus:** Premium office spaces in metro cities.\n- **Opportunity:** Expand into Tier-2 and Tier-3 cities, offer customized office solutions for startups and SMEs, enhance after-sales support.\n\n**Retail Broking Services:**\n- **Competitor Focus:** High-street retail and premium malls.\n- **Opportunity:** Develop community-centered retail spaces, support local retailers, and integrate experiential retail concepts.\n\n**Land and Investment Broking Services:**\n- **Competitor Focus:** Large land parcels for development.\n- **Opportunity:** Offer investment advisory services, focus on smaller parcels for boutique developments, and rural investments.\n\n---\n\n**3. Marketing Strategy Optimization:**\n\n**Refined Marketing Messages:**\n- Highlight unique value propositions such as flexibility, customer-centric solutions, and advanced technology integration.\n- Promote success stories and case studies demonstrating successful project completions and satisfied clients.\n\n**Sales Strategies:**\n- Implement a consultative sales approach, focusing on identifying and solving client pain points.\n- Train sales teams on the latest market trends and customer behavior insights.\n\n**Branding:**\n- Enhance brand presence through digital marketing campaigns targeting specific segments.\n- Engage in community-building activities and CSR initiatives to strengthen brand image.\n\n---\n\n**4. Data-Driven Insights on Campaign Performance:**\n\n**Key Metrics:**\n- **ROI from Marketing Campaigns:** Track cost per lead, cost per conversion, and overall campaign ROI.\n- **Engagement Rates:** Monitor click-through rates, shares, comments, and website traffic.\n- **Conversion Rates:** Measure lead-to-customer conversion rates and analyze drop-off points in the sales funnel.\n\n**Trends and Rankings:**\n- Stay updated on real estate market trends such as demand shifts, pricing trends, and regulatory changes.\n- Use social media analytics to gauge brand sentiment and customer engagement.\n\n---\n\n**5. Market Trends, User Behavior, and Demographic Insights:**\n\n**Market Trends:**\n- Increasing demand for flexible office spaces and co-working environments.\n- Growing interest in sustainable and eco-friendly real estate solutions.\n- Rising popularity of mixed-use developments combining residential, commercial, and retail spaces.\n\n**User Behavior:**\n- Preference for digital property tours and virtual consultations.\n- Increased use of online platforms for property searches and transactions.\n\n**Demographic Trends:**\n- Young professionals and millennials driving demand for modern and affordable office spaces.\n- Growing urbanization and migration to metro cities creating opportunities in residential and commercial sectors.\n\n---\n\nThis comprehensive competitor analysis and strategy optimization report provides actionable insights to enhance Office Space Ciril's value proposition, improve campaign performance, and increase ROI, ultimately aligning marketing efforts with business goals.","pydantic":null,"json_dict":null,"tasks_output":[{"description":"Optimize marketing strategies, improve campaign performance and increase ROI, provide actionable insights that align marketing efforts with business goals, identify growth opportunities and support data-driven decision-making for overall business success of Office Space Ciril. Conducting competitor analysis of Office Space Ciril's competitors using competitors of real estate brokers in commercial, industrial, and retail segments in India and client services such as logistics and warehouse broking services, industrial broking services, corporate broking services, retail broking services, land and investment broking services to evaluate their strengths, weaknesses and market positioning. You can also use thorough analysis of competitors in India, and an engaging LinkedIn post.1. Identify Business Goals: Increase brand awareness for Office Space Ciril, Improve lead generation and conversion rates, Enhance customer retention through personalized marketing. 2. Set Key Performance Indicators (KPIs): ROI from marketing campaigns, Engagement rates (click-through rates, shares, comments), Conversion rates from leads to customers.","name":null,"expected_output":"A detailed report profiling top 4 competitors, including their offerings, target markets, strengths, and weaknesses. Identifying service gaps in logistics and warehouse broking services, industrial broking services, corporate broking services, retail broking services, land and investment broking services to enhance https://officespaceciril.in/'s value proposition. Refine marketing messages, sales strategies and branding based on competitor analysis. Provide data-driven insights on campaign performance, key metrics, trends and rankings to improve ROI. Insights on market trends, user behavior, and demographic trends, support informed decision-making and align marketing strategies with business goals","summary":"Optimize marketing strategies, improve campaign performance and increase ROI, provide...","raw":"**Competitor Analysis and Strategy Optimization Report for Office Space Ciril**\n\n---\n\n**1. Competitor Profiles:**\n\n**DLF Ltd:**\n- **Offerings:** Commercial complexes, residential properties, retail spaces, and SEZs.\n- **Target Markets:** High-end residential and commercial sectors, retail spaces.\n- **Strengths:** Large-scale operations, extensive experience (75+ years), strong brand recognition, diversified portfolio, financial stability.\n- **Weaknesses:** Higher pricing in premium segments, less focus on mid-range properties.\n\n**Godrej Properties:**\n- **Offerings:** Residential, commercial, and township projects.\n- **Target Markets:** Urban and suburban regions, mixed-use developments.\n- **Strengths:** Strong brand reputation, innovative and sustainable building practices, strategic partnerships.\n- **Weaknesses:** Limited presence in Tier-2 and Tier-3 cities, higher operational costs.\n\n**Oberoi Realty:**\n- **Offerings:** Residential, office space, retail, hospitality.\n- **Target Markets:** Luxury residential and commercial properties.\n- **Strengths:** High-quality construction, premium brand, strategic locations.\n- **Weaknesses:** Limited diversification, high dependency on Mumbai market.\n\n**Housing Development and Infrastructure Ltd (HDIL):**\n- **Offerings:** Residential and commercial properties, SEZs, slum rehabilitation.\n- **Target Markets:** Affordable housing, urban redevelopment.\n- **Strengths:** Strong focus on affordable housing, significant land reserves.\n- **Weaknesses:** Financial instability, legal issues, and project delays.\n\n---\n\n**2. Service Gaps and Opportunities:**\n\n**Logistics and Warehouse Broking Services:**\n- **Competitor Focus:** Limited to large-scale warehousing and logistics parks.\n- **Opportunity:** Develop tailored solutions for SMEs, offer flexible leasing options, integrate smart warehousing technologies.\n\n**Industrial Broking Services:**\n- **Competitor Focus:** High-end industrial parks and large-scale facilities.\n- **Opportunity:** Focus on mid-sized industrial spaces, provide end-to-end solutions including compliance and regulatory support.\n\n**Corporate Broking Services:**\n- **Competitor Focus:** Premium office spaces in metro cities.\n- **Opportunity:** Expand into Tier-2 and Tier-3 cities, offer customized office solutions for startups and SMEs, enhance after-sales support.\n\n**Retail Broking Services:**\n- **Competitor Focus:** High-street retail and premium malls.\n- **Opportunity:** Develop community-centered retail spaces, support local retailers, and integrate experiential retail concepts.\n\n**Land and Investment Broking Services:**\n- **Competitor Focus:** Large land parcels for development.\n- **Opportunity:** Offer investment advisory services, focus on smaller parcels for boutique developments, and rural investments.\n\n---\n\n**3. Marketing Strategy Optimization:**\n\n**Refined Marketing Messages:**\n- Highlight unique value propositions such as flexibility, customer-centric solutions, and advanced technology integration.\n- Promote success stories and case studies demonstrating successful project completions and satisfied clients.\n\n**Sales Strategies:**\n- Implement a consultative sales approach, focusing on identifying and solving client pain points.\n- Train sales teams on the latest market trends and customer behavior insights.\n\n**Branding:**\n- Enhance brand presence through digital marketing campaigns targeting specific segments.\n- Engage in community-building activities and CSR initiatives to strengthen brand image.\n\n---\n\n**4. Data-Driven Insights on Campaign Performance:**\n\n**Key Metrics:**\n- **ROI from Marketing Campaigns:** Track cost per lead, cost per conversion, and overall campaign ROI.\n- **Engagement Rates:** Monitor click-through rates, shares, comments, and website traffic.\n- **Conversion Rates:** Measure lead-to-customer conversion rates and analyze drop-off points in the sales funnel.\n\n**Trends and Rankings:**\n- Stay updated on real estate market trends such as demand shifts, pricing trends, and regulatory changes.\n- Use social media analytics to gauge brand sentiment and customer engagement.\n\n---\n\n**5. Market Trends, User Behavior, and Demographic Insights:**\n\n**Market Trends:**\n- Increasing demand for flexible office spaces and co-working environments.\n- Growing interest in sustainable and eco-friendly real estate solutions.\n- Rising popularity of mixed-use developments combining residential, commercial, and retail spaces.\n\n**User Behavior:**\n- Preference for digital property tours and virtual consultations.\n- Increased use of online platforms for property searches and transactions.\n\n**Demographic Trends:**\n- Young professionals and millennials driving demand for modern and affordable office spaces.\n- Growing urbanization and migration to metro cities creating opportunities in residential and commercial sectors.\n\n---\n\nThis comprehensive competitor analysis and strategy optimization report provides actionable insights to enhance Office Space Ciril's value proposition, improve campaign performance, and increase ROI, ultimately aligning marketing efforts with business goals.","pydantic":null,"json_dict":null,"agent":"Marketing Analyst","output_format":"raw"}],"token_usage":{"total_tokens":7322,"prompt_tokens":4882,"completion_tokens":2440,"successful_requests":4}}}