{"result":{"raw":"### Competitor Analysis Report for Office Space Ciril\n\n#### 1. JLL (Jones Lang LaSalle)\n\n**Offerings:**\n- Logistics and Warehouse Broking Services\n- Industrial Broking Services\n- Corporate Broking Services\n- Retail Broking Services\n- Land and Investment Broking Services\n- Property Management\n- Project and Development Services\n\n**Target Markets:**\n- Large multinational corporations\n- Local businesses\n- Investors\n- Property owners and developers\n\n**Strengths:**\n- Global reach and strong local presence\n- Comprehensive market research and insights\n- Diverse service offerings\n- Strong brand reputation\n- Technological innovation in property management\n\n**Weaknesses:**\n- High service costs compared to smaller competitors\n- Complexity in service offerings can be overwhelming for smaller clients\n\n**Market Positioning:**\nJLL is positioned as a leading global real estate services firm with a strong emphasis on delivering comprehensive and innovative solutions to its clients. Its extensive research and insights help clients make informed decisions.\n\n#### 2. CBRE (Coldwell Banker Richard Ellis)\n\n**Offerings:**\n- Logistics and Warehouse Broking Services\n- Industrial Broking Services\n- Corporate Broking Services\n- Retail Broking Services\n- Land and Investment Broking Services\n- Valuation and Advisory Services\n- Investment Management\n\n**Target Markets:**\n- Corporate clients\n- Institutional investors\n- Property owners and developers\n\n**Strengths:**\n- Extensive global network and resources\n- Strong focus on data and technology\n- Wide range of services tailored to different client needs\n- Industry-leading market intelligence\n\n**Weaknesses:**\n- High service fees\n- Potential for slower response times due to large organizational structure\n\n**Market Positioning:**\nCBRE is known as a global leader in commercial real estate services and investments, leveraging its extensive network and technological capabilities to provide high-quality services and market intelligence to its clients.\n\n#### 3. Cushman & Wakefield\n\n**Offerings:**\n- Logistics and Warehouse Broking Services\n- Industrial Broking Services\n- Corporate Broking Services\n- Retail Broking Services\n- Land and Investment Broking Services\n- Capital Markets\n- Occupier Services\n\n**Target Markets:**\n- Corporate clients\n- Investors\n- Property owners and developers\n\n**Strengths:**\n- Strong market presence in India and globally\n- Comprehensive service offerings\n- Expertise in capital markets and investment services\n- Robust research and insights\n\n**Weaknesses:**\n- Higher costs for premium services\n- Large organizational structure may lead to slower decision-making\n\n**Market Positioning:**\nCushman & Wakefield is positioned as a global leader in commercial real estate services, with a strong focus on delivering value through deep market knowledge and comprehensive service offerings.\n\n#### 4. Colliers International\n\n**Offerings:**\n- Logistics and Warehouse Broking Services\n- Industrial Broking Services\n- Corporate Broking Services\n- Retail Broking Services\n- Land and Investment Broking Services\n- Property Management\n- Project Management\n\n**Target Markets:**\n- Corporate clients\n- Investors\n- Property owners and developers\n\n**Strengths:**\n- Strong local expertise with global reach\n- Client-centric approach\n- Diverse service offerings\n- Strong track record in project management\n\n**Weaknesses:**\n- Relatively smaller network compared to JLL and CBRE\n- Limited technological innovation compared to competitors\n\n**Market Positioning:**\nColliers International is known for its client-centric approach and strong local expertise, positioning itself as a trusted advisor in the commercial real estate sector with a focus on delivering tailored solutions.\n\n### Identifying Service Gaps and Growth Opportunities\n\n**Service Gaps:**\n1. **Logistics and Warehouse Broking Services:**\n   - Potential to enhance technological integration for better tracking and management of logistics properties.\n\n2. **Industrial Broking Services:**\n   - Opportunity to provide more customized solutions for small and medium-sized enterprises (SMEs).\n\n3. **Corporate Broking Services:**\n   - Develop more flexible service packages to cater to startups and growing businesses.\n\n4. **Retail Broking Services:**\n   - Enhance market research capabilities to provide deeper insights into consumer behavior and retail trends.\n\n5. **Land and Investment Broking Services:**\n   - Focus on emerging markets and sustainable investment opportunities.\n\n### Recommendations for Office Space Ciril\n\n1. **Refine Marketing Messages:**\n   - Highlight unique value propositions such as personalized service, flexibility, and technological innovation.\n   - Emphasize deep local market knowledge combined with global insights.\n\n2. **Sales Strategies:**\n   - Develop tailored service packages for different client segments, especially SMEs and startups.\n   - Leverage data analytics to identify and target high-potential clients.\n\n3. **Branding:**\n   - Position Office Space Ciril as a client-centric, innovative, and flexible real estate brokerage firm.\n   - Invest in thought leadership and content marketing to build brand authority.\n\n### Data-Driven Insights\n\n- **Campaign Performance Metrics:**\n  - Track key performance indicators such as lead generation, conversion rates, and customer retention.\n  - Use A/B testing to optimize marketing campaigns and improve ROI.\n\n- **Trends and Rankings:**\n  - Monitor industry trends and competitor rankings to stay ahead of the market.\n  - Regularly update marketing strategies based on the latest market insights.\n\nBy leveraging these insights and strategies, Office Space Ciril can enhance its value proposition, improve campaign performance, and achieve its business goals.","pydantic":null,"json_dict":null,"tasks_output":[{"description":"Optimize marketing strategies, improve campaign performance and increase ROI, provide actionable insights that align marketing efforts with business goals, identify growth opportunities and support data-driven decision-making for overall business success of Office Space Ciril. Conducting competitor analysis of Office Space Ciril's competitors using competitors of real estate brokers in commercial, industrial, and retail segments in India such as JLL, etc in commercial real estate brokerage company industry for services such as logistics and warehouse broking services, industrial broking services, corporate broking services, retail broking services, land and investment broking services to evaluate their strengths, weaknesses and market positioning. You can also use thorough analysis of competitors in India, and an engaging LinkedIn post.Establish clear and measurable goals for the marketing optimization project, such as: increase ROI by X% over the next Y months, improve campaign performance metrics by Z%, and identify at least 3 new growth opportunities.","name":null,"expected_output":"A detailed report profiling top 4 competitors, including their offerings, target markets, strengths, and weaknesses. Identifying service gaps in logistics and warehouse broking services, industrial broking services, corporate broking services, retail broking services, land and investment broking services to enhance https://officespaceciril.in/'s value proposition. Refine marketing messages, sales strategies and branding based on competitor analysis. Provide data-driven insights on campaign performance, key metrics, trends and rankings of those competitors to improve ROI.","summary":"Optimize marketing strategies, improve campaign performance and increase ROI, provide...","raw":"### Competitor Analysis Report for Office Space Ciril\n\n#### 1. JLL (Jones Lang LaSalle)\n\n**Offerings:**\n- Logistics and Warehouse Broking Services\n- Industrial Broking Services\n- Corporate Broking Services\n- Retail Broking Services\n- Land and Investment Broking Services\n- Property Management\n- Project and Development Services\n\n**Target Markets:**\n- Large multinational corporations\n- Local businesses\n- Investors\n- Property owners and developers\n\n**Strengths:**\n- Global reach and strong local presence\n- Comprehensive market research and insights\n- Diverse service offerings\n- Strong brand reputation\n- Technological innovation in property management\n\n**Weaknesses:**\n- High service costs compared to smaller competitors\n- Complexity in service offerings can be overwhelming for smaller clients\n\n**Market Positioning:**\nJLL is positioned as a leading global real estate services firm with a strong emphasis on delivering comprehensive and innovative solutions to its clients. Its extensive research and insights help clients make informed decisions.\n\n#### 2. CBRE (Coldwell Banker Richard Ellis)\n\n**Offerings:**\n- Logistics and Warehouse Broking Services\n- Industrial Broking Services\n- Corporate Broking Services\n- Retail Broking Services\n- Land and Investment Broking Services\n- Valuation and Advisory Services\n- Investment Management\n\n**Target Markets:**\n- Corporate clients\n- Institutional investors\n- Property owners and developers\n\n**Strengths:**\n- Extensive global network and resources\n- Strong focus on data and technology\n- Wide range of services tailored to different client needs\n- Industry-leading market intelligence\n\n**Weaknesses:**\n- High service fees\n- Potential for slower response times due to large organizational structure\n\n**Market Positioning:**\nCBRE is known as a global leader in commercial real estate services and investments, leveraging its extensive network and technological capabilities to provide high-quality services and market intelligence to its clients.\n\n#### 3. Cushman & Wakefield\n\n**Offerings:**\n- Logistics and Warehouse Broking Services\n- Industrial Broking Services\n- Corporate Broking Services\n- Retail Broking Services\n- Land and Investment Broking Services\n- Capital Markets\n- Occupier Services\n\n**Target Markets:**\n- Corporate clients\n- Investors\n- Property owners and developers\n\n**Strengths:**\n- Strong market presence in India and globally\n- Comprehensive service offerings\n- Expertise in capital markets and investment services\n- Robust research and insights\n\n**Weaknesses:**\n- Higher costs for premium services\n- Large organizational structure may lead to slower decision-making\n\n**Market Positioning:**\nCushman & Wakefield is positioned as a global leader in commercial real estate services, with a strong focus on delivering value through deep market knowledge and comprehensive service offerings.\n\n#### 4. Colliers International\n\n**Offerings:**\n- Logistics and Warehouse Broking Services\n- Industrial Broking Services\n- Corporate Broking Services\n- Retail Broking Services\n- Land and Investment Broking Services\n- Property Management\n- Project Management\n\n**Target Markets:**\n- Corporate clients\n- Investors\n- Property owners and developers\n\n**Strengths:**\n- Strong local expertise with global reach\n- Client-centric approach\n- Diverse service offerings\n- Strong track record in project management\n\n**Weaknesses:**\n- Relatively smaller network compared to JLL and CBRE\n- Limited technological innovation compared to competitors\n\n**Market Positioning:**\nColliers International is known for its client-centric approach and strong local expertise, positioning itself as a trusted advisor in the commercial real estate sector with a focus on delivering tailored solutions.\n\n### Identifying Service Gaps and Growth Opportunities\n\n**Service Gaps:**\n1. **Logistics and Warehouse Broking Services:**\n   - Potential to enhance technological integration for better tracking and management of logistics properties.\n\n2. **Industrial Broking Services:**\n   - Opportunity to provide more customized solutions for small and medium-sized enterprises (SMEs).\n\n3. **Corporate Broking Services:**\n   - Develop more flexible service packages to cater to startups and growing businesses.\n\n4. **Retail Broking Services:**\n   - Enhance market research capabilities to provide deeper insights into consumer behavior and retail trends.\n\n5. **Land and Investment Broking Services:**\n   - Focus on emerging markets and sustainable investment opportunities.\n\n### Recommendations for Office Space Ciril\n\n1. **Refine Marketing Messages:**\n   - Highlight unique value propositions such as personalized service, flexibility, and technological innovation.\n   - Emphasize deep local market knowledge combined with global insights.\n\n2. **Sales Strategies:**\n   - Develop tailored service packages for different client segments, especially SMEs and startups.\n   - Leverage data analytics to identify and target high-potential clients.\n\n3. **Branding:**\n   - Position Office Space Ciril as a client-centric, innovative, and flexible real estate brokerage firm.\n   - Invest in thought leadership and content marketing to build brand authority.\n\n### Data-Driven Insights\n\n- **Campaign Performance Metrics:**\n  - Track key performance indicators such as lead generation, conversion rates, and customer retention.\n  - Use A/B testing to optimize marketing campaigns and improve ROI.\n\n- **Trends and Rankings:**\n  - Monitor industry trends and competitor rankings to stay ahead of the market.\n  - Regularly update marketing strategies based on the latest market insights.\n\nBy leveraging these insights and strategies, Office Space Ciril can enhance its value proposition, improve campaign performance, and achieve its business goals.","pydantic":null,"json_dict":null,"agent":"Marketing Analyst","output_format":"raw"}],"token_usage":{"total_tokens":17430,"prompt_tokens":14249,"completion_tokens":3181,"successful_requests":7}}}