{"result":{"raw":"```json\n{\n  \"title\": \"Unlock Premium Commercial Real Estate Solutions with Office Space Ciril!\",\n  \"call_to_action\": \"Discover how we can help your business thrive in today's competitive market. Contact us today!\",\n  \"services\": \"Logistics and Warehouse Broking, Industrial Broking, Corporate Broking, Retail Broking, Land and Investment Broking\",\n  \"selling_proposition\": \"As India's leading owner-operated commercial real estate brokerage, Office Space Ciril delivers unparalleled expertise in logistics and warehouse solutions, industrial real estate, corporate spaces, retail locations, and investment opportunities. Our member offices are local market leaders, ensuring tailored solutions that drive measurable business results.\",\n  \"hashtags\": \"#OfficeSpaceCiril #RealEstate #CommercialProperty #Logistics #Warehouse #CorporateBroking #RetailBroking #Investment #BusinessGrowth\"\n}\n```\n\nLinkedIn Post:\n---\nUnlock Premium Commercial Real Estate Solutions with Office Space Ciril!\n\nAs India's leading owner-operated commercial real estate brokerage, Office Space Ciril delivers unparalleled expertise in logistics and warehouse solutions, industrial real estate, corporate spaces, retail locations, and investment opportunities. Our member offices are local market leaders, ensuring tailored solutions that drive measurable business results.\n\nDiscover how we can help your business thrive in today's competitive market. Contact us today!\n\n#OfficeSpaceCiril #RealEstate #CommercialProperty #Logistics #Warehouse #CorporateBroking #RetailBroking #Investment #BusinessGrowth\n---\n\nThis LinkedIn post is designed to engage the target audience, highlight the unique selling propositions of Office Space Ciril, and encourage potential clients to take action.","pydantic":null,"json_dict":null,"tasks_output":[{"description":"Produce high-quality, engaging content as LinkedIn post in 150 words for Office Space Ciril that drives traffic, boosts engagement and leads to conversions. Ensure content aligns with brand goals, optimized for search engines and resonates with the target audience for the following services: logistics and warehouse broking services, industrial broking services, corporate broking services, retail broking services, land and investment broking services in commercial real estate company industry, delivering measurable business results like brand growth and lead generation. You can also use thorough analysis of competitors in India, and an engaging LinkedIn post1. Take the provided text as input.\n2. Identify the key sections: title, call to action, services offered, unique selling propositions, and hashtags.\n3. Structure these sections into a JSON format with appropriate keys such as 'title', 'call_to_action', 'services', 'selling_proposition', and 'hashtags'.\n4. Ensure that all text is enclosed in double quotes and properly escaped if necessary.\n5. Validate the JSON to ensure it is correctly formatted.","name":null,"expected_output":"LinkedIn post in 150 words for Office Space Ciril to engage the target audience and meet business goals, includes clear service descriptions, posts on industry trends & case studies that showcase successful projects.","summary":"Produce high-quality, engaging content as LinkedIn post in 150 words...","raw":"```json\n{\n  \"title\": \"Unlock Premium Commercial Real Estate Solutions with Office Space Ciril!\",\n  \"call_to_action\": \"Discover how we can help your business thrive in today's competitive market. Contact us today!\",\n  \"services\": \"Logistics and Warehouse Broking, Industrial Broking, Corporate Broking, Retail Broking, Land and Investment Broking\",\n  \"selling_proposition\": \"As India's leading owner-operated commercial real estate brokerage, Office Space Ciril delivers unparalleled expertise in logistics and warehouse solutions, industrial real estate, corporate spaces, retail locations, and investment opportunities. Our member offices are local market leaders, ensuring tailored solutions that drive measurable business results.\",\n  \"hashtags\": \"#OfficeSpaceCiril #RealEstate #CommercialProperty #Logistics #Warehouse #CorporateBroking #RetailBroking #Investment #BusinessGrowth\"\n}\n```\n\nLinkedIn Post:\n---\nUnlock Premium Commercial Real Estate Solutions with Office Space Ciril!\n\nAs India's leading owner-operated commercial real estate brokerage, Office Space Ciril delivers unparalleled expertise in logistics and warehouse solutions, industrial real estate, corporate spaces, retail locations, and investment opportunities. Our member offices are local market leaders, ensuring tailored solutions that drive measurable business results.\n\nDiscover how we can help your business thrive in today's competitive market. Contact us today!\n\n#OfficeSpaceCiril #RealEstate #CommercialProperty #Logistics #Warehouse #CorporateBroking #RetailBroking #Investment #BusinessGrowth\n---\n\nThis LinkedIn post is designed to engage the target audience, highlight the unique selling propositions of Office Space Ciril, and encourage potential clients to take action.","pydantic":null,"json_dict":null,"agent":"Content Creator","output_format":"raw"}],"token_usage":{"total_tokens":2248,"prompt_tokens":1701,"completion_tokens":547,"successful_requests":2}}}