{"result":{"raw":"🚀 Elevate Your Brand with Strategic Content Marketing! 🚀\n\nIn the dynamic landscape of digital marketing, standing out is the key to success. At [Your Company Name], we specialize in crafting high-quality, engaging content that drives traffic, boosts engagement, and generates high-quality leads. Our expertise spans across SEO, social media, and content strategy, ensuring your brand not only reaches but resonates with your target audience.\n\nWhy Choose Us?\n✅ Proven Track Record: Like top agencies such as Dot Com Infoway and Incrementors Web Solutions, we deliver results that matter.\n✅ Comprehensive Services: From SEO and PPC to content creation and social media management, we've got you covered.\n✅ Data-Driven Insights: Our analytical approach ensures your content strategy is always optimized for success.\n\nLet’s transform your digital presence and achieve measurable business results together! 🌟\n\n#ContentMarketing #DigitalMarketing #SEO #LeadGeneration #BrandGrowth #BusinessSuccess\n\n---\n\nThis LinkedIn post is designed to capture attention, highlight the company's strengths, and encourage potential clients to engage with our services. It draws comparisons with top competitors to establish credibility while emphasizing our unique value proposition.","pydantic":null,"json_dict":null,"tasks_output":[{"description":"Produce high-quality, engaging content for LinkedIn post in 150 words that drives traffic, boosts engagement and leads to conversions. Ensure content aligns with brand goals, optimized for search engines and resonates with the target audience, delivering measurable business results like brand growth and lead generation. You can also use thorough analysis of competitors in India, and an engaging LinkedIn post1. Analyze the provided text for key components. 2. Identify the main elements such as title, content, and links. 3. Structure these elements in JSON format with appropriate keys and values. 4. Validate the JSON structure to ensure it is correctly formatted. 5. Output the final JSON result.","name":null,"expected_output":"Produce content to engage the target audience and meet business goals, includes clear service descriptions, informative blog posts on industry trends & case studies that showcase successful projects. Create engaging social media posts, regular email newsletters and white papers. Creating promotional videos, infographics, webinars, FAQs, and press releases about new services. Compelling client testimonials also build trust.","summary":"Produce high-quality, engaging content for LinkedIn post in 150 words...","raw":"🚀 Elevate Your Brand with Strategic Content Marketing! 🚀\n\nIn the dynamic landscape of digital marketing, standing out is the key to success. At [Your Company Name], we specialize in crafting high-quality, engaging content that drives traffic, boosts engagement, and generates high-quality leads. Our expertise spans across SEO, social media, and content strategy, ensuring your brand not only reaches but resonates with your target audience.\n\nWhy Choose Us?\n✅ Proven Track Record: Like top agencies such as Dot Com Infoway and Incrementors Web Solutions, we deliver results that matter.\n✅ Comprehensive Services: From SEO and PPC to content creation and social media management, we've got you covered.\n✅ Data-Driven Insights: Our analytical approach ensures your content strategy is always optimized for success.\n\nLet’s transform your digital presence and achieve measurable business results together! 🌟\n\n#ContentMarketing #DigitalMarketing #SEO #LeadGeneration #BrandGrowth #BusinessSuccess\n\n---\n\nThis LinkedIn post is designed to capture attention, highlight the company's strengths, and encourage potential clients to engage with our services. It draws comparisons with top competitors to establish credibility while emphasizing our unique value proposition.","pydantic":null,"json_dict":null,"agent":"Content Creator","output_format":"raw"}],"token_usage":{"total_tokens":2132,"prompt_tokens":1764,"completion_tokens":368,"successful_requests":2}}}